INSERT INTO FACULTY (FACULTY, FACULTY_NAME)
VALUES 
    ('ИДиП', 'Издательское дело и полиграфия'),
    ('ХТиТ', 'Химическая технология и техника'),
    ('ЛХФ', 'Лесохозяйственный факультет'),
    ('ИЭФ', 'Инженерно-экономический факультет'),
    ('ТТЛП', 'Технология и техника лесной промышленности'),
    ('ТОВ', 'Технология органических веществ');

INSERT INTO PULPIT (PULPIT, PULPIT_NAME, FACULTY)
VALUES 
    ('ИСиТ', 'Информационные системы и технологии', 'ИДиП'),
    ('ПОиСОИ', 'Полиграфическое оборудование и системы обработки информации', 'ИДиП'),
    ('ЛВ', 'Лесоводства', 'ЛХФ'),
    ('ОВ', 'Охотоведения', 'ЛХФ'),
    ('ЛУ', 'Лесоустройства', 'ЛХФ'),
    ('ЛЗиДВ', 'Лесозащиты и древесиноведения', 'ЛХФ'),
    ('ЛПиСПС', 'Ландшафтное проектирование и садово-парковое строительство', 'ЛХФ'),
    ('ТЛ', 'Транспорт леса', 'ТТЛП'),
    ('ЛМиЛЗ', 'Лесные машины и технологии лесозаготовок', 'ТТЛП'),
    ('ОХ', 'Органическая химия', 'ТОВ'),
    ('ТНХСиППМ', 'Технологии нефтехимического синтеза и переработки полимерных материалов', 'ТОВ'),
    ('ТНВиОХТ', 'Технологии неорганических веществ и общей химической технологии', 'ХТиТ'),
    ('ХТЭПиМЭЕ', 'Химия, технология электрохимических производств и материалов электронной техники', 'ХТиТ'),
    ('ЭТиМ', 'Экономическая теория и маркетинга', 'ИЭФ'),
    ('МиЭП', 'Менеджмент и экономика природопользования', 'ИЭФ');
	
	INSERT INTO TEACHER (TEACHER, TEACHER_NAME, PULPIT)
VALUES 
    ('СМЛВ', 'Смелов Владимир Владиславович', 'ИСиТ'),
    ('АКНВЧ', 'Акунович Станислав Иванович', 'ИСиТ'),
    ('КЛСНВ', 'Колесников Леонид Валерьевич', 'ИСиТ'),
    ('ГРМН', 'Герман Олег Витольдович', 'ИСиТ'),
    ('ЛЩНК', 'Лащенко Анатолий Павлович', 'ИСиТ'),
    ('БРКВЧ', 'Бракович Андрей Игорьевич', 'ИСиТ'),
    ('ДДК', 'Дедко Александр Аркадьевич', 'ИСиТ'),
    ('КБЛ', 'Кабайло Александр Серафимович', 'ИСиТ'),
    ('УРБ', 'Урбанович Павел Павлович', 'ИСиТ'),
    ('РМНК', 'Романенко Дмитрий Михайлович', 'ИСиТ'),
    ('ПСТВЛВ', 'Пустовалова Наталия Николаевна', 'ИСиТ'),
    ('ГРН', 'Гурин Николай Иванович', 'ИСиТ'),
    ('ЖЛК', 'Жиляк Надежда Александровна', 'ИСиТ'),
    ('БРТШВЧ', 'Барташевич Святослав Александрович', 'ПОиСОИ'),
    ('ЮДНКВ', 'Юденков Виктор Степанович', 'ПОиСОИ'),
    ('БРНВСК', 'Барановский Станислав Иванович', 'ЭТиМ'),
    ('НВРВ', 'Неверов Александр Васильевич', 'МиЭП'),
    ('РВКЧ', 'Ровкач Андрей Иванович', 'ОВ'),
    ('ДМДК', 'Демидко Марина Николаевна', 'ЛПиСПС'),
    ('МШКВСК', 'Машковский Владимир Петрович', 'ЛУ'),
    ('ЛБХ', 'Лабоха Константин Валентинович', 'ЛВ'),
    ('ЗВГЦВ', 'Звягинцев Вячеслав Борисович', 'ЛЗиДВ'),
    ('БЗБРДВ', 'Безбородов Владимир Степанович', 'ОХ'),
    ('ПРКПЧК', 'Прокопчук Николай Романович', 'ТНХСиППМ'),
    ('НСКВЦ', 'Насковец Михаил Трофимович', 'ТЛ'),
    ('МХВ', 'Мохов Сергей Петрович', 'ЛМиЛЗ'),
    ('НБМВ', 'Небель Михаил Владимирович', 'ТЛ'),
    ('ВПВ', 'Вахович Павел Васильевич', 'ОХ'),
    ('ТПВ', 'Трудолюбов Петр Владимирович', 'ХТЭПиМЭЕ'),
    ('РВГВЧ', 'Ревчук Вадим Георгиевич', 'ХТЭПиМЭЕ'),
    ('МСА', 'Мартынов Сергей Александрович', 'ТНВиОХТ'),
    ('ТНА', 'Тараненко Надежда Андреевна', 'ЭТиМ'),
    ('ТИЛ', 'Томас Игорь Леонидович', 'ЭТиМ');
	
	INSERT INTO SUBJECT (SUBJECT, SUBJECT_NAME, PULPIT)
VALUES
    ('СУБД', 'Системы управления базами данных', 'ИСиТ'),
    ('БД', 'Базы данных', 'ИСиТ'),
    ('ИНФ', 'Информационные технологии', 'ИСиТ'),
    ('ОАиП', 'Основы алгоритмизации и программирования', 'ИСиТ'),
    ('ПЗ', 'Представление знаний в компьютерных системах', 'ИСиТ'),
    ('ПСП', 'Программирование сетевых приложений', 'ИСиТ'),
    ('МСОИ', 'Моделирование систем ', 'ИСиТ'),
    ('ПИС', 'Проектирование информационных систем', 'ИСиТ'),
    ('КГ', 'Компьютерная геометрия', 'ИСиТ'),
    ('ПМАПЛ', 'Полиграфические машины, ', 'ПОиСОИ'),
    ('КМС', 'Компьютерные мультимедийные системы', 'ИСиТ'),
    ('ОПП', 'Организация полиграфического производства', 'ПОиСОИ'),
    ('ДМ', 'Дискретная математика', 'ИСиТ'),
    ('МП', 'Математическое программирование', 'ИСиТ'),
    ('ЛЭВМ', 'Логические основы ЭВМ', 'ИСиТ'),
    ('ООП', 'Объектно-ориентированное программирование', 'ИСиТ'),
    ('ЭП', 'Экономика природопользования', 'МиЭП'),
    ('ЭТ', 'Экономическая теория', 'ЭТиМ'),
    ('БЛЗиПсOO', 'Биология лесных зверей и птиц с ', 'ОВ'),
    ('ОСПиЛПХ', 'Основы садовопаркового и ', 'ЛПиСПС'),
    ('ИГ', 'Инженерная геодезия', 'ЛУ'),
    ('ЛВ', 'Лесоводство', 'ЛЗиДВ'),
    ('ОХ', 'Органическая химия', 'ОХ'),
    ('ТРИ', 'Технология резиновых изделий', 'ТНХСиППМ'),
    ('ВТЛ', 'Водный транспорт леса', 'ТЛ'),
    ('ТиОЛ', 'Технология и оборудование ', 'ЛМиЛЗ'),
    ('ТОПИ', 'Технология обогащения полезных ', 'ТНВиОХТ'),
    ('ПЭХ', 'Прикладная электрохимия', 'ХТЭПиМЭЕ');
	
	INSERT INTO AUDITORIUM_TYPE (AUDITORIUM_TYPE, AUDITORIUM_TYPENAME)
VALUES
    ('ЛК', 'Лекционная'),
    ('ЛБ-К', 'Компьютерный класс'),
    ('ЛК-К', 'Лекционная с компьютерами'),
    ('ЛБ-X', 'Химическая лаборатория'),
    ('ЛБ-СК', 'Специализированный  ');

	INSERT INTO AUDITORIUM (AUDITORIUM, AUDITORIUM_NAME, AUDITORIUM_TYPE, AUDITORIUM_CAPACITY)
VALUES
    ('206-1', '206-1', 'ЛК', 60),
    ('301-1', '301-1', 'ЛК', 60),
    ('236-1', '236-1', 'ЛК', 60),
    ('313-1', '313-1', 'ЛК', 60),
    ('324-1', '324-1', 'ЛК', 50),
    ('413-1', '413-1', 'ЛК', 90),
    ('423-1', '423-1', 'ЛБ-К', 15),
    ('408-2', '408-2', 'ЛК', 90),
    ('103-4', '103-4', 'ЛК', 90),
    ('105-4', '105-4', 'ЛК', 90),
    ('107-4', '107-4', 'ЛК', 90),
    ('110-4', '110-4', 'ЛК', 30),
    ('111-4', '111-4', 'ЛК', 30),
    ('114-4', '114-4', 'ЛБ-К', 15),
    ('206-4', '206-4', 'ЛБ-К', 15),
    ('202-6', '202-6', 'ЛК', 30),
    ('204-6', '204-6', 'ЛК', 30),
    ('206-6', '206-6', 'ЛК', 30),
    ('114-7', '114-7', 'ЛК', 90),
    ('115-7', '115-7', 'ЛК', 90),
    ('116-7', '116-7', 'ЛК', 90),
    ('201-7', '201-7', 'ЛК', 90),
    ('202-7', '202-7', 'ЛК', 90);